record_id,source_id,locator,printed_value,review_scope
ucc-research-result-sctab-uncertainty-absent-rocauc,ucc-research-source-sctab-paper,"Methods, ""Uncertainty quantification for scTab model"": correct known-type (Group 1) vs. absent-type (Group 3)",0.782,author-reported; automated source review
ucc-research-result-sctab-uncertainty-error-rocauc,ucc-research-source-sctab-paper,"Methods, ""Uncertainty quantification for scTab model"": correct known-type (Group 1) vs. incorrect known-type (Group 2)",0.891,author-reported; automated source review
ucc-research-result-abdelaal-baron-human-svm-medianf1,ucc-research-source-abdelaal-2019-paper,"Results, ""All classifiers perform well in intra-dataset experiments"", Fig. 1a, SVM row (intra-dataset, NOT cross-platform)",0.980,author-reported; automated source review
ucc-research-result-abdelaal-baron-human-svm-rejection-medianf1,ucc-research-source-abdelaal-2019-paper,"Results, ""All classifiers perform well in intra-dataset experiments"", Fig. 1a, SVM rejection row (intra-dataset, NOT cross-platform)",0.991,author-reported; automated source review
ucc-research-result-abdelaal-baron-human-svm-rejection-unlabeled,ucc-research-source-abdelaal-2019-paper,"Results, same location, Fig. 1b, SVM rejection row (intra-dataset, NOT cross-platform)",1.5%,author-reported; automated source review
ucc-research-result-abdelaal-baron-human-scmapcell-medianf1,ucc-research-source-abdelaal-2019-paper,"Results, ""All classifiers perform well in intra-dataset experiments"", Fig. 1a, scmapcell row (intra-dataset, NOT cross-platform)",0.984,author-reported; automated source review
ucc-research-result-abdelaal-baron-human-scmapcell-unlabeled,ucc-research-source-abdelaal-2019-paper,"Results, same location, Fig. 1b, scmapcell row (intra-dataset, NOT cross-platform)",4.2%,author-reported; automated source review
ucc-research-result-abdelaal-baron-human-scpred-medianf1,ucc-research-source-abdelaal-2019-paper,"Results, ""All classifiers perform well in intra-dataset experiments"", Fig. 1a, scPred row (intra-dataset, NOT cross-platform)",0.981,author-reported; automated source review
ucc-research-result-abdelaal-baron-human-scpred-unlabeled,ucc-research-source-abdelaal-2019-paper,"Results, same location, Fig. 1b, scPred row (intra-dataset, NOT cross-platform)",10.8%,author-reported; automated source review
