id,metric_direction,note
uc-clinical-20260930-enigma-brca1-high-benign-fraction,lower,"Benign variants placed in the pathogenic-evidence interval; fewer is better. Column-normalised fractions."
uc-clinical-20260930-enigma-brca2-high-benign-fraction,lower,"Benign variants placed in the pathogenic-evidence interval; fewer is better."
uc-clinical-20260930-enigma-brca1-low-pathogenic-fraction,lower,"Pathogenic variants placed in the benign-evidence interval; fewer is better."
uc-clinical-20260930-enigma-brca2-low-pathogenic-fraction,lower,"Pathogenic variants placed in the benign-evidence interval; fewer is better."
uc-clinical-20260930-enigma-brca1-middle-benign-fraction,unknown,"Share in the uninformative middle interval; no better direction follows from the definition."
uc-clinical-20260930-enigma-brca2-middle-benign-fraction,unknown,"Share in the uninformative middle interval; no better direction follows from the definition."
uc-clinical-20260930-enigma-brca1-middle-pathogenic-fraction,unknown,"Share in the uninformative middle interval; no better direction follows from the definition."
uc-clinical-20260930-enigma-brca2-middle-pathogenic-fraction,unknown,"Share in the uninformative middle interval; no better direction follows from the definition."
uc-clinical-20260930-reanalysis-first-cycle-share,unknown,Descriptive share of reanalysis outcomes.
uc-clinical-20260930-reanalysis-later-cycle-share,unknown,Descriptive share of reanalysis outcomes.
uc-clinical-20260930-reanalysis-improved-analysis-share,unknown,Descriptive share of reanalysis outcomes.
uc-clinical-20260930-reanalysis-new-gene-disease-share,unknown,Descriptive share of reanalysis outcomes.
uc-clinical-20260930-reanalysis-new-variant-evidence-share,unknown,Descriptive share of reanalysis outcomes.
amp-oncology-rna-20261007-issue-11-result-arriba-mean-total-fusions-identified,unknown,The count includes true calls; fewer is not simply better.
amp-oncology-rna-20261007-issue-11-result-enfusion-3-callers-filter-known-fusion-list-mean-total-fusions-identified,unknown,The count includes true calls; fewer is not simply better.
amp-oncology-rna-20261007-issue-11-result-enfusion-3-callers-mean-total-fusions-identified,unknown,The count includes true calls; fewer is not simply better.
amp-oncology-rna-20261007-issue-11-result-star-fusion-mean-total-fusions-identified,unknown,The count includes true calls; fewer is not simply better.
