source_string,reason,keep_note,records
Author pipeline runtime label; timer implementation unextracted,unextracted,yes,2
"Author-reported sensitivity, no executable metric version extracted",unextracted,yes,2
Caller releases require supplemental extraction,unextracted,yes,2
EnFusion software release/commit not established,unextracted,yes,4
Endpoint-specific weighting in source where noted,unextracted,yes,3
Exact FRASER package version unextracted; do not assign current FRASER2.0,unextracted,yes,1
Exact build hash unreported,unreported,yes,1
"Exact caller release not extracted from the primary article; retain paper-era method identity, not a concrete current checkpoint.",unextracted,yes,5
Exact filtering/matching implementation not extracted,unextracted,yes,2
Exact matching implementation for CNV endpoint unextracted; STR Truvari commands are not assigned to CNV,unextracted,yes,1
Exact per-fold scored counts and post-window-filter denominators are unreported; not asserted as zero.,unreported,yes,10
Exact per-task split sizes/counts are unextracted from the inspected main text (Supplementary Data 6 is identified but not inspected by this intake); not asserted absent from the article.,unextracted,yes,4
Exact scoring implementation beyond AUC is unreported.,unreported,yes,20
"GEARS: official implementation defaults, trained from scratch without pretrained weights (paper's own Methods wording, Section 2.2 region: 'we train GEARS from scratch without using pretrained weights'); MLP baseline / Mean baseline: architecture per Eqs. 4-6 and 'Mean baseline' text in Section 2.2, exact training hyperparameters not separately tabulated for these two baselines in the main text",unreported,yes,1
Matching implementation unextracted,unextracted,yes,2
No immutable dataset version extracted,unextracted,yes,3
No immutable protocol identifier extracted,unextracted,yes,3
No immutable serialized trained model identified,unreported,yes,1
No numeric CI for 85% printed in Par18; supplement inaccessible,unavailable,yes,1
No open licence established,unreported,yes,1
No peak-RAM endpoint,inapplicable,yes,1
No per-bin count in Table S4; 1156 overall CNV calls is not the truth denominator,unreported,yes,1
Not enumerated in extracted Methods,unreported,yes,1
Not estimated; one complete selected evaluation.,unreported,yes,15
Not estimated; one selected evaluation.,unreported,yes,14
Not extracted,unextracted,no,2
Not extracted from Table S1,unextracted,yes,1
Not extracted; no execution,unextracted,yes,82
Not inferred from rounded split fractions,unreported,yes,2
Not reported for this endpoint; no confidence interval is recomputed here.,unreported,yes,2
Not reported/extracted for this scoped endpoint,unreported,yes,1
Not reported; capacity is not measured usage,unreported,yes,2
"Not stated in the retrieved main text or supplement; the >10-cell population filter noted in Table 2 may also affect cell-level scored counts, in a manner not detailed in the retrieved sources.",unreported,yes,3
Per-bin truth/prediction counts unreported,unreported,yes,1
Point estimate; paired contrast intervals are reported separately in the source and must not be used as intervals for this individual condition.,unreported,yes,16
Point estimate; see paired-comparison artifacts.,unreported,yes,12
Printed model name and input representation only; immutable checkpoint/head revision is unreported in the inspected primary text.,unreported,yes,79
Printed percentage retained; per-replicate aggregation details not extracted,unextracted,yes,4
Refer to paired bootstrap artifacts; marginal scores are not paired comparisons.,inapplicable,yes,4
Run count per sample/hardware row unreported,unreported,yes,1
Source workflow described; immutable executable version not fully pinned,unreported,yes,3
Subsampling repetition count unextracted,unextracted,yes,1
Table 2 caption says v3; Fig1 and Par31/50 discuss undiluted v2. Do not resolve silently.,conflicting,yes,4
Unknown,unextracted,no,4
Unreported,unreported,no,13
Unreported for this manual retrieval-success judgment.,unreported,yes,4
Unreported in inspected Methods,unreported,yes,1
Unreported per bin,unreported,yes,2
Unreported; retrieval is a single reported pass per configuration on this cohort.,unreported,yes,2
human sequence denominators unextracted,unextracted,yes,2
"not applicable: the Mean baseline has no learned parameters (a population statistic only), so no trained artifact or checkpoint exists for it.",inapplicable,yes,1
not established,unextracted,yes,1
not exposed by source UI,unavailable,yes,1
not extracted,unextracted,no,120
not extracted; exact per-fold cell indices not stated in the retrieved main text,unreported,yes,1
not extracted; study identifies repository only,unreported,yes,1
not printed in Table S2,unreported,yes,53
not reported for this endpoint,unreported,yes,308
"not stated in the retrieved main text; 8,569 is the Table 2 dataset size, not confirmed equal to the cells actually scored for median F1 or unlabeled percentage for any specific classifier",unreported,yes,1
not_applicable,inapplicable,no,1
not_applicable_zero_targets_in_this_difficulty_group,inapplicable,yes,2
not_missing,not_missing,no,2
not_pinned_in_legacy_catalogue,unextracted,no,27
not_reported_in_legacy_extract,unextracted,no,1188
not_yet_extracted,unextracted,no,3
"official GEARS implementation defaults, apart from the SPECTRA-defined train-test split; exact values not separately tabulated in the main text",unreported,yes,1
reported at the rate level only; see concordance_rate result,inapplicable,yes,1
unextracted beyond the SPECTRA sparsification-probability mechanism itself,unextracted,yes,3
"unknown/unpublished: 'trained from scratch, no pretrained weights' means no pretrained starting checkpoint was used -- it does not mean no final trained artifact exists. The source does not state a published checkpoint/artifact identifier for the resulting trained model; the final run's artifact ID is simply not given, not inapplicable.",unreported,yes,2
"unknown/unpublished: the MLP baseline is a trained probe (Eqs. 3-4, learned weights W1/W2/b1/b2); the source does not state a published checkpoint/artifact identifier for the trained probe used to produce the printed values.",unreported,yes,1
unreported beyond 'triplicate' language,unreported,yes,3
unreported beyond the word 'triplicate'; exact seed values not printed,unreported,yes,1
"unreported for each of S0.1-S0.7; the eligible raw single-gene count (105) above is the compiled dataset total, not a per-split scored count, and must not be substituted for one",unreported,yes,1
unreported; see dataset record,unreported,yes,1
