source_string,concept,match,keep_detail,note
independent_automated_cell_check_and_ai_scope_review,independent-cell-check; scope-review,normalised,cell check automated and independent; scope review AI-assisted,
automated_source_review,automated-source-review,exact,,
"Deterministic parse of the pinned HTML tables, with row and column counts asserted",deterministic-table-parse,normalised,pinned HTML tables; row and column counts asserted,
Primary-table transcription and separate automated source review,transcription; automated-source-review,normalised,primary table; source review separate from transcription,
Pinned supplementary PDF parsed with pdftotext -layout; exact printed values and standard deviations retained; 21 rows ×14 elements ×2 metrics checked and both complete table pages visually reviewed. No model execution.,pdf-text-parse; independent-cell-check; rendered-source-visual-check,normalised,pinned supplementary PDF; pdftotext -layout; exact printed values and standard deviations retained; 21 rows x 14 elements x 2 metrics checked; both complete table pages visually reviewed; no model execution,
"Deterministic parse of the pinned HTML tables, with the direction of every metric read from the arrow the paper prints in its header",deterministic-table-parse,normalised,pinned HTML tables; direction of every metric read from the arrow the paper prints in its header,
Complete XML table transcription; independently checked exact cell strings; localization columns quarantined for conflicting metric labels.,transcription; independent-cell-check,uncertain,complete XML table; exact cell strings independently checked; localization columns quarantined for conflicting metric labels,"Unclear whether XML ""transcription"" was scripted (deterministic-table-parse) or agent copying."
"Deterministic parse of the run records embedded in the pinned page, with the direction of each metric taken from the page's own maximize flag",deterministic-table-parse,normalised,run records embedded in the pinned page; direction of each metric taken from the page's own maximize flag,"Structured run records, not a printed table."
"Deterministic parse of the pinned PDF text layer, with every column heading asserted against the expected list",pdf-text-parse,normalised,pinned PDF text layer; every column heading asserted against the expected list,
"Deterministic parse of the pinned PDF text layer, with row and cell counts asserted and ten values cross-checked against the printed table",pdf-text-parse; independent-cell-check,normalised,pinned PDF text layer; row and cell counts asserted; ten values cross-checked against the printed table,
"Deterministic parse of the pinned PDF text layer, reading each table from its heading row down to its own caption",pdf-text-parse,normalised,pinned PDF text layer; each table read from its heading row down to its own caption,
"Deterministic parse of the pinned full text table, with the metric taken from the table's own header row",deterministic-table-parse,normalised,pinned full-text table; metric taken from the table's own header row,Full-text format (HTML or XML) not stated.
independent_ai_table_review,ai-assisted-source-review,normalised,independent; table-level review,
"Complete table transcription preserving exact source strings, inputs and units; no model execution.",transcription,normalised,"complete table; exact source strings, inputs and units preserved; no model execution",
"Deterministic parse of the pinned PDF text layer, with row counts asserted per table",pdf-text-parse,normalised,pinned PDF text layer; row counts asserted per table,
OOXML extraction and separate automated primary-source review,deterministic-table-parse; automated-source-review,normalised,OOXML extraction; separate automated review against the primary source,Assumes OOXML extraction was scripted.
"Complete OOXML sheet extraction with exact raw cell tokens, shared-string decoding, worksheet relationships, primary caption/methods verification and source hash verification; no graph digitization or numerical recomputation.",deterministic-table-parse; scope-review; source-hash-verification,normalised,complete OOXML sheet; exact raw cell tokens; shared-string decoding; worksheet relationships; primary caption and methods verified; source hash verified; no graph digitization or numerical recomputation,
"Deterministic parse of the pinned PDF text layer, with row and column counts asserted",pdf-text-parse,normalised,pinned PDF text layer; row and column counts asserted,
"Lossless XML extraction of the full published XLSX Sheet1 rows 3–105; original stored numeric strings retained, scientific notation expanded exactly with decimal arithmetic, no recomputed scores; independently cross-checked against artifact-tool workbook import.",deterministic-table-parse; independent-cell-check,normalised,lossless XML extraction of the full published XLSX Sheet1 rows 3 to 105; original stored numeric strings retained; scientific notation expanded exactly with decimal arithmetic; no recomputed scores; independently cross-checked against artifact-tool workbook import,
"Deterministic parse of the pinned PDF text layer, stitching each cohort's value and spread lines with both counts asserted",pdf-text-parse,normalised,pinned PDF text layer; each cohort's value and spread lines stitched; both counts asserted,
primary_xml_exact_label_cell_check,independent-cell-check,normalised,primary XML source; exact label and cell match,
ai_assisted_source_review,ai-assisted-source-review,exact,,
Independent HTML table parse reconciled cell-for-cell against pinned official model card; methods and metric definitions checked in Section 5.3. Not independent model reproduction.,deterministic-table-parse; independent-cell-check; scope-review,uncertain,independent HTML table parse reconciled cell-for-cell against the pinned official model card; methods and metric definitions checked in Section 5.3; not independent model reproduction,Parse not stated as deterministic.
"Deterministic parse of the pinned PDF text layer, with each dataset's direction cross-checked between Table 3 and the arrow in Table 4",pdf-text-parse,normalised,pinned PDF text layer; each dataset's direction cross-checked between Table 3 and the arrow in Table 4,
"Exact-string transcription of complete Table 3, checked against rendered primary PDF; no graph digitization or recomputation",transcription; rendered-source-visual-check,normalised,exact-string transcription of complete Table 3; checked against rendered primary PDF; no graph digitization or recomputation,
automated_execution_evidence_review,execution-evidence-review,exact,automated,
"Deterministic parse of the pinned PDF text layer, with the expected row labels asserted per table",pdf-text-parse,normalised,pinned PDF text layer; expected row labels asserted per table,
XML table parsing plus independent row/column count and exact-string verification against the pinned primary article; not model execution.,deterministic-table-parse; independent-cell-check,normalised,XML table; independent row/column count and exact-string verification against the pinned primary article; not model execution,
"Deterministic parse of the pinned JATS XML table, with row and column counts asserted",deterministic-table-parse,normalised,pinned JATS XML table; row and column counts asserted,
Exact-string transcription checked against all rows of the pinned author TSV,transcription; independent-cell-check,normalised,exact-string transcription; checked against all rows of the pinned author TSV,
Exact printed values transcribed from the complete primary supplement table; independently checked against the rendered PDF page and pdftotext output. Not model execution.,transcription; independent-cell-check; rendered-source-visual-check,normalised,exact printed values from the complete primary supplement table; independently checked against the rendered PDF page and pdftotext output; not model execution,
"Deterministic parse of the pinned HTML table, with row and column counts asserted",deterministic-table-parse,normalised,pinned HTML table; row and column counts asserted,
automated table parse plus separate source read and manually enumerated row/value cross-check,deterministic-table-parse; independent-cell-check,normalised,automated table parse; separate source read; manually enumerated row/value cross-check,Who did the manual enumeration is not stated.
existing_run_import,existing-run-import,exact,,
Transcription of exact printed numerical labels in the complete Figure 2C Runs N’ Poses subpanel; visual original-PDF verification; no graph digitization,transcription; rendered-source-visual-check,normalised,exact printed numerical labels in the complete Figure 2C Runs N’ Poses subpanel; visual original-PDF verification; no graph digitization,
"Exact printed value transcribed from the primary PDF (pdftotext -layout extraction), independently checked against the rendered table text twice in this session. Not model execution.",transcription; pdf-text-parse; independent-cell-check,normalised,exact printed value from the primary PDF via pdftotext -layout extraction; independently checked against the rendered table text twice in this session; not model execution,"""this session"" has no meaning outside the original run; keep verbatim but do not rely on it."
"Extracted the complete exact two-model comparison from primary article Par7, resolved metric and evaluation scope against Fig1b caption and Methods Par32–36. No plot digitization, recomputation or model execution.",transcription; scope-review,uncertain,"complete exact two-model comparison extracted from primary article Par7; metric and evaluation scope resolved against Fig1b caption and Methods Par32 to 36; no plot digitization, recomputation or model execution",Extraction technique not stated.
Independent source-pinned git blob inspection and exact Decimal comparison; no new benchmark run; no human review claimed,source-hash-verification; independent-cell-check,normalised,independent source-pinned git blob inspection; exact Decimal comparison; no new benchmark run; no human review claimed,
AI-assisted source and implementation review,ai-assisted-source-review,normalised,also reviewed the implementation (code),
