"unit_string","metric","unit","keep_detail","note"
"score","rmsd","unit-unreported","RMSD; source unit not stated, typically angstrom","Strings rmsd (ProteinBench antibody, 8 rows, 0 to 9.86), rmsd_mean and rmsd_median (ProteinBench folding, 10 rows). Column headers give no unit"
"score","scrmsd","unit-unreported","RMSD; source unit not stated, typically angstrom","String scrmsd (ProteinBench, 64 rows, 0.45 to 43.15). Column headers give no unit"
"score","proteinbench-binding-energy","unit-unreported","Rosetta binding energy; source unit not stated","String binding-energy (8 rows, -15.33 to 1242.77)"
"score","proteinbench-total-energy","unit-unreported","Rosetta total energy; source unit not stated","String total-energy (8 rows, -16.76 to 5408.74)"
"score","proteinbench-clashes-inner","count","atomic clashes within the designed antibody, mean per design","String clashes-inner (8 rows, 0.04 to 11.65; non-integer, so a mean)"
"score","proteinbench-clashes-outer","count","atomic clashes between designed antibody and antigen, mean per design","String clashes-outer (8 rows, 0 to 3.25; non-integer, so a mean)"
"score","plddt","unitless","0 to 100 scale","String plddt (ProteinBench, 40 rows, 43.14 to 94.14)"
"score","gdt-ts","fraction","","Strings gdt-ts_mean and gdt-ts_median (10 rows, 0.70 to 0.92); GDT-TS is a fraction of residues, other GDT-TS records use 0 to 100"
"score","lddt","fraction","","Strings lddt_mean and lddt_median (10 rows, 0.74 to 0.93); other lDDT records already use fraction"
"score","proteinbench-max-clust","fraction","","String max-clust (76 rows, 0.04 to 1.0); clusters divided by generated samples"
"score","sequence-recovery","fraction","","String aar (4 rows, 0.45 to 0.57); other aar records use percent"
"score","proteinbench-cn-score","unit-unreported","CN-score; definition and unit not extracted","Uncertain: string cn-score (8 rows, 0.04 to 50.19); range does not show whether it is a count, ratio or score"
