result_id,evaluation_id,metric,printed_value,unit,source_id,source_locator,review_method
uc-clinical-20261005-benet-pages-t2-reclassified-lb-count,uc-clinical-20261005-benet-pages-t2-evaluation,reclassified_to_lb_count,24,count,uc-clinical-20261005-source-benet-pages,"Results, ACMG/AMP + SVI (t2): Of 121 VUS, 20% (n = 24) were reclassified as LB",automated_source_review
uc-clinical-20261005-benet-pages-t2-reclassified-lb-fraction,uc-clinical-20261005-benet-pages-t2-evaluation,reclassified_to_lb_fraction,20%,percent,uc-clinical-20261005-source-benet-pages,"Results, ACMG/AMP + SVI (t2): Of 121 VUS, 20% (n = 24) were reclassified as LB",automated_source_review
uc-clinical-20261005-benet-pages-t3-reclassified-b-lb-count,uc-clinical-20261005-benet-pages-t3-evaluation,reclassified_to_b_or_lb_count,101,count,uc-clinical-20261005-source-benet-pages,"Results, ENIGMA VCEP (t3): 83.5% (n = 101) of VUS were reclassified as B (n = 9) or LB (n = 92)",automated_source_review
uc-clinical-20261005-benet-pages-t3-reclassified-b-lb-fraction,uc-clinical-20261005-benet-pages-t3-evaluation,reclassified_to_b_or_lb_fraction,83.5%,percent,uc-clinical-20261005-source-benet-pages,"Results, ENIGMA VCEP (t3): 83.5% (n = 101) of VUS were reclassified as B (n = 9) or LB (n = 92)",automated_source_review
uc-clinical-20261005-so-2024-concordant-count,uc-clinical-20261005-so-2024-evaluation,concordant_classification_count,265,count,uc-clinical-20261005-source-so-2024,"Results 3.3: overall concordance rate was 58.9% (95% CI: 52.0-66.4%; 265/450)",automated_source_review
uc-clinical-20261005-so-2024-concordance-rate,uc-clinical-20261005-so-2024-evaluation,concordance_rate,58.9%,percent,uc-clinical-20261005-source-so-2024,"Results 3.3: overall concordance rate was 58.9% (95% CI: 52.0-66.4%; 265/450)",automated_source_review
uc-clinical-20261005-hector-erepo-classification-agreement,uc-clinical-20261005-hector-erepo-evaluation,classification_agreement_rate,75.5% (108/143),percent,uc-clinical-20261005-source-hector-preprint,"Results, Evidence Repository: HECTOR agreed with the ENIGMA VCEP classification for 108 of the 143 variants (75.5%)",automated_source_review
uc-clinical-20261005-hector-erepo-criteria-agreement,uc-clinical-20261005-hector-erepo-evaluation,criteria_code_agreement_rate,78.9% (326/413),percent,uc-clinical-20261005-source-hector-preprint,"Results, Evidence Repository: of 413 evidence codes, HECTOR reproduced 326 (78.9%) at the identical code and strength",automated_source_review
uc-clinical-20261005-hu-2026-classified-yield,uc-clinical-20261005-hu-2026-evaluation,classified_as_p_lp_or_b_lb_fraction,92.8% (5926/6383),percent,uc-clinical-20261005-source-hu-2026,"Results, Incorporation of the Integrated VarCall model functional data: 92.8% (5926 of 6383) overall were classified as P/LP or B/LB",automated_source_review
