record_id,source_id,locator,printed_value,review_scope
regulatory-variant-20261009-claim-gschwind2026-epimap-developer,regulatory-variant-20261009-source-gschwind2026,Author list; references 8 and 27,"EpiMap (Boix et al. 2021, reference 8) has Gschwind et al. co-authors Benjamin T. James and Manolis Kellis among its authors. Its Gschwind et al. evaluations are author_reported.",claim
regulatory-variant-20261009-claim-gschwind2026-epiraction-developer,regulatory-variant-20261009-source-gschwind2026,Author list; references 8 and 27,"EPIraction (Nurtdinov and Guigó 2025, reference 27) is by Gschwind et al. co-authors Ramil N. Nurtdinov and Roderic Guigó. Its Gschwind et al. evaluations are author_reported.",claim
regulatory-variant-20261009-claim-gschwind2026-heldout-composition,regulatory-variant-20261009-source-gschwind2026,Figure 2 legend panel d; Methods 'Creating the combined held-out CRISPR dataset' paragraph 1,"Held-out CRISPR data: 4,378 total E-G pairs and 190 (157.39 weighted) positives in K562, GM12878, HCT116, WTC11 and Jurkat cells, from eight CRISPR perturbation screens.",claim
regulatory-variant-20261009-claim-manzo2025-adaptation-conflict,regulatory-variant-20261009-source-manzo2025,Table 2; Section 4.2 paragraphs 2 and 4,"Table 2 says Enformer input was truncated to 1 kb and Borzoi was applied directly on 1 kb input, and that HyenaDNA was inference-only; Section 4.2 says Enformer and Borzoi kept their full input size with the 1 kb sequence inserted into genomic contexts, and lists HyenaDNA among fine-tuned models.",claim
regulatory-variant-20261009-claim-manzo2025-prose-averages,regulatory-variant-20261009-source-manzo2025,Results 2.1 paragraph 5; Results 2.2 paragraph after Table 1; Results 2.3 paragraph 3,"Results 2.1 reports averages across nine dataset-level Pearson correlations: TREDNet 0.297, ChromBPNet 0.289, SEI 0.276; Nucleotide Transformer v2 0.105. These averages are not the per-cell-line values of Table 1. Results 2.3 gives other values (TREDNet 0.318, SEI 0.295). The text after Table 1 says Enformer (0.245) ranks second in HeLa only to SEI (0.279), while Table 1 prints SEI 0.280 and ChromBPNet 0.289 for HeLa.",claim
regulatory-variant-20261009-claim-manzo2025-snp-counts,regulatory-variant-20261009-source-manzo2025,Table 1 caption; Table 4,"Table 1 header gives K562 19,321 and HepG2 16,255 SNPs; Table 4 lists K562 datasets of 19,237 raQTLs and 2,756 variants, and HepG2 datasets of 14,183 raQTLs, one SORT1 enhancer (about 600 bp) and 284 SNPs. The K562 datasets sum to 21,993. NPC (14,042) and HeLa (1,962 + 1,614 + 1,665 = 5,241) agree with Table 4. No filtering step explaining the K562 and HepG2 counts is stated.",claim
regulatory-variant-20261009-claim-tang2025-finetuned-not-in-table,regulatory-variant-20261009-source-tang2025,Results 'Task 3: zero-shot variant effect prediction with MPRA data' paragraph 2,gLMs fine-tuned on the lentiMPRA data also yielded improved performance (Additional file 1: Table S3); those values are not in Table 1.,claim
regulatory-variant-20261009-result-gschwind2026-heldout-abc-dnase-avg-hic-auprc,regulatory-variant-20261009-source-gschwind2026-table-s3,"Supplementary Table 3 'Held-out benchmarks', row 2 (D2:F2); Dataset 'Held-out', Predictor 'ABC_A=DNase, C=Average ENCODE Hi-C', metric 'Weighted AUPRC'",0.465393786445695,result
regulatory-variant-20261009-result-gschwind2026-heldout-abc-dnase-avg-hic-precision,regulatory-variant-20261009-source-gschwind2026-table-s3,"Supplementary Table 3 'Held-out benchmarks', row 8 (D8:F8); Dataset 'Held-out', Predictor 'ABC_A=DNase, C=Average ENCODE Hi-C', metric 'Weighted precision at threshold'",0.43712922044365,result
regulatory-variant-20261009-result-gschwind2026-heldout-abc-dnase-avg-hic-recall,regulatory-variant-20261009-source-gschwind2026-table-s3,"Supplementary Table 3 'Held-out benchmarks', row 14 (D14:F14); Dataset 'Held-out', Predictor 'ABC_A=DNase, C=Average ENCODE Hi-C', metric 'Weighted recall at threshold'",0.618607552173835,result
regulatory-variant-20261009-result-gschwind2026-heldout-distance-to-tss-auprc,regulatory-variant-20261009-source-gschwind2026-table-s3,"Supplementary Table 3 'Held-out benchmarks', row 6 (D6:F6); Dataset 'Held-out', Predictor 'Distance to TSS', metric 'Weighted AUPRC'",0.363055349859503,result
regulatory-variant-20261009-result-gschwind2026-heldout-distance-to-tss-precision,regulatory-variant-20261009-source-gschwind2026-table-s3,"Supplementary Table 3 'Held-out benchmarks', row 12 (D12:F12); Dataset 'Held-out', Predictor 'Distance to TSS', metric 'Weighted precision at threshold'",0.244850836794557,result
regulatory-variant-20261009-result-gschwind2026-heldout-distance-to-tss-recall,regulatory-variant-20261009-source-gschwind2026-table-s3,"Supplementary Table 3 'Held-out benchmarks', row 18 (D18:F18); Dataset 'Held-out', Predictor 'Distance to TSS', metric 'Weighted recall at threshold'",0.583991620160904,result
regulatory-variant-20261009-result-gschwind2026-heldout-encode-re2g-auprc,regulatory-variant-20261009-source-gschwind2026-table-s3,"Supplementary Table 3 'Held-out benchmarks', row 3 (D3:F3); Dataset 'Held-out', Predictor 'ENCODE-rE2G', metric 'Weighted AUPRC'",0.556151043664563,result
regulatory-variant-20261009-result-gschwind2026-heldout-encode-re2g-precision,regulatory-variant-20261009-source-gschwind2026-table-s3,"Supplementary Table 3 'Held-out benchmarks', row 9 (D9:F9); Dataset 'Held-out', Predictor 'ENCODE-rE2G', metric 'Weighted precision at threshold'",0.54424518399133,result
regulatory-variant-20261009-result-gschwind2026-heldout-encode-re2g-recall,regulatory-variant-20261009-source-gschwind2026-table-s3,"Supplementary Table 3 'Held-out benchmarks', row 15 (D15:F15); Dataset 'Held-out', Predictor 'ENCODE-rE2G', metric 'Weighted recall at threshold'",0.599391035030526,result
regulatory-variant-20261009-result-gschwind2026-heldout-ep-dnase-correlation-auprc,regulatory-variant-20261009-source-gschwind2026-table-s3,"Supplementary Table 3 'Held-out benchmarks', row 7 (D7:F7); Dataset 'Held-out', Predictor 'Correlation_E-P DNase-seq signal', metric 'Weighted AUPRC'",0.210746626296449,result
regulatory-variant-20261009-result-gschwind2026-heldout-ep-dnase-correlation-precision,regulatory-variant-20261009-source-gschwind2026-table-s3,"Supplementary Table 3 'Held-out benchmarks', row 13 (D13:F13); Dataset 'Held-out', Predictor 'Correlation_E-P DNase-seq signal', metric 'Weighted precision at threshold'",0.112254845156556,result
regulatory-variant-20261009-result-gschwind2026-heldout-ep-dnase-correlation-recall,regulatory-variant-20261009-source-gschwind2026-table-s3,"Supplementary Table 3 'Held-out benchmarks', row 19 (D19:F19); Dataset 'Held-out', Predictor 'Correlation_E-P DNase-seq signal', metric 'Weighted recall at threshold'",0.7365668291719,result
regulatory-variant-20261009-result-gschwind2026-heldout-epimap-auprc,regulatory-variant-20261009-source-gschwind2026-table-s3,"Supplementary Table 3 'Held-out benchmarks', row 5 (D5:F5); Dataset 'Held-out', Predictor 'EpiMap', metric 'Weighted AUPRC'",0.268199731808225,result
regulatory-variant-20261009-result-gschwind2026-heldout-epimap-precision,regulatory-variant-20261009-source-gschwind2026-table-s3,"Supplementary Table 3 'Held-out benchmarks', row 11 (D11:F11); Dataset 'Held-out', Predictor 'EpiMap', metric 'Weighted precision at threshold'",0.292474185581438,result
regulatory-variant-20261009-result-gschwind2026-heldout-epimap-recall,regulatory-variant-20261009-source-gschwind2026-table-s3,"Supplementary Table 3 'Held-out benchmarks', row 17 (D17:F17); Dataset 'Held-out', Predictor 'EpiMap', metric 'Weighted recall at threshold'",0.544500137326981,result
regulatory-variant-20261009-result-gschwind2026-heldout-epiraction-auprc,regulatory-variant-20261009-source-gschwind2026-table-s3,"Supplementary Table 3 'Held-out benchmarks', row 4 (D4:F4); Dataset 'Held-out', Predictor 'EPIraction', metric 'Weighted AUPRC'",0.382683898818773,result
regulatory-variant-20261009-result-gschwind2026-heldout-epiraction-precision,regulatory-variant-20261009-source-gschwind2026-table-s3,"Supplementary Table 3 'Held-out benchmarks', row 10 (D10:F10); Dataset 'Held-out', Predictor 'EPIraction', metric 'Weighted precision at threshold'",0.346611784087571,result
regulatory-variant-20261009-result-gschwind2026-heldout-epiraction-recall,regulatory-variant-20261009-source-gschwind2026-table-s3,"Supplementary Table 3 'Held-out benchmarks', row 16 (D16:F16); Dataset 'Held-out', Predictor 'EPIraction', metric 'Weighted recall at threshold'",0.595828873225832,result
regulatory-variant-20261009-result-gschwind2026-k562-training-abc-dnase-avg-hic-auprc,regulatory-variant-20261009-source-gschwind2026-table-s3,"Supplementary Table 3 'Held-out benchmarks', row 20 (D20:F20); Dataset 'Combined K562 (training)', Predictor 'ABC_A=DNase, C=Average ENCODE Hi-C', metric 'Weighted AUPRC'",0.560759528723476,result
regulatory-variant-20261009-result-gschwind2026-k562-training-abc-dnase-avg-hic-precision,regulatory-variant-20261009-source-gschwind2026-table-s3,"Supplementary Table 3 'Held-out benchmarks', row 26 (D26:F26); Dataset 'Combined K562 (training)', Predictor 'ABC_A=DNase, C=Average ENCODE Hi-C', metric 'Weighted precision at threshold'",0.453450534929468,result
regulatory-variant-20261009-result-gschwind2026-k562-training-abc-dnase-avg-hic-recall,regulatory-variant-20261009-source-gschwind2026-table-s3,"Supplementary Table 3 'Held-out benchmarks', row 32 (D32:F32); Dataset 'Combined K562 (training)', Predictor 'ABC_A=DNase, C=Average ENCODE Hi-C', metric 'Weighted recall at threshold'",0.738825512041495,result
regulatory-variant-20261009-result-gschwind2026-k562-training-distance-to-tss-auprc,regulatory-variant-20261009-source-gschwind2026-table-s3,"Supplementary Table 3 'Held-out benchmarks', row 24 (D24:F24); Dataset 'Combined K562 (training)', Predictor 'Distance to TSS', metric 'Weighted AUPRC'",0.43546521,result
regulatory-variant-20261009-result-gschwind2026-k562-training-distance-to-tss-precision,regulatory-variant-20261009-source-gschwind2026-table-s3,"Supplementary Table 3 'Held-out benchmarks', row 30 (D30:F30); Dataset 'Combined K562 (training)', Predictor 'Distance to TSS', metric 'Weighted precision at threshold'",0.290978598611381,result
regulatory-variant-20261009-result-gschwind2026-k562-training-distance-to-tss-recall,regulatory-variant-20261009-source-gschwind2026-table-s3,"Supplementary Table 3 'Held-out benchmarks', row 36 (D36:F36); Dataset 'Combined K562 (training)', Predictor 'Distance to TSS', metric 'Weighted recall at threshold'",0.754756913610915,result
regulatory-variant-20261009-result-gschwind2026-k562-training-encode-re2g-auprc,regulatory-variant-20261009-source-gschwind2026-table-s3,"Supplementary Table 3 'Held-out benchmarks', row 21 (D21:F21); Dataset 'Combined K562 (training)', Predictor 'ENCODE-rE2G', metric 'Weighted AUPRC'",0.666458970322807,result
regulatory-variant-20261009-result-gschwind2026-k562-training-encode-re2g-precision,regulatory-variant-20261009-source-gschwind2026-table-s3,"Supplementary Table 3 'Held-out benchmarks', row 27 (D27:F27); Dataset 'Combined K562 (training)', Predictor 'ENCODE-rE2G', metric 'Weighted precision at threshold'",0.548064733789487,result
regulatory-variant-20261009-result-gschwind2026-k562-training-encode-re2g-recall,regulatory-variant-20261009-source-gschwind2026-table-s3,"Supplementary Table 3 'Held-out benchmarks', row 33 (D33:F33); Dataset 'Combined K562 (training)', Predictor 'ENCODE-rE2G', metric 'Weighted recall at threshold'",0.73000346558358,result
regulatory-variant-20261009-result-gschwind2026-k562-training-ep-dnase-correlation-auprc,regulatory-variant-20261009-source-gschwind2026-table-s3,"Supplementary Table 3 'Held-out benchmarks', row 25 (D25:F25); Dataset 'Combined K562 (training)', Predictor 'Correlation_E-P DNase-seq signal', metric 'Weighted AUPRC'",0.188176682421665,result
regulatory-variant-20261009-result-gschwind2026-k562-training-ep-dnase-correlation-precision,regulatory-variant-20261009-source-gschwind2026-table-s3,"Supplementary Table 3 'Held-out benchmarks', row 31 (D31:F31); Dataset 'Combined K562 (training)', Predictor 'Correlation_E-P DNase-seq signal', metric 'Weighted precision at threshold'",0.08458732,result
regulatory-variant-20261009-result-gschwind2026-k562-training-ep-dnase-correlation-recall,regulatory-variant-20261009-source-gschwind2026-table-s3,"Supplementary Table 3 'Held-out benchmarks', row 37 (D37:F37); Dataset 'Combined K562 (training)', Predictor 'Correlation_E-P DNase-seq signal', metric 'Weighted recall at threshold'",0.710494340061165,result
regulatory-variant-20261009-result-gschwind2026-k562-training-epimap-auprc,regulatory-variant-20261009-source-gschwind2026-table-s3,"Supplementary Table 3 'Held-out benchmarks', row 23 (D23:F23); Dataset 'Combined K562 (training)', Predictor 'EpiMap', metric 'Weighted AUPRC'",0.311024437412224,result
regulatory-variant-20261009-result-gschwind2026-k562-training-epimap-precision,regulatory-variant-20261009-source-gschwind2026-table-s3,"Supplementary Table 3 'Held-out benchmarks', row 29 (D29:F29); Dataset 'Combined K562 (training)', Predictor 'EpiMap', metric 'Weighted precision at threshold'",0.186875088803803,result
regulatory-variant-20261009-result-gschwind2026-k562-training-epimap-recall,regulatory-variant-20261009-source-gschwind2026-table-s3,"Supplementary Table 3 'Held-out benchmarks', row 35 (D35:F35); Dataset 'Combined K562 (training)', Predictor 'EpiMap', metric 'Weighted recall at threshold'",0.71433174933289,result
regulatory-variant-20261009-result-gschwind2026-k562-training-epiraction-auprc,regulatory-variant-20261009-source-gschwind2026-table-s3,"Supplementary Table 3 'Held-out benchmarks', row 22 (D22:F22); Dataset 'Combined K562 (training)', Predictor 'EPIraction', metric 'Weighted AUPRC'",0.445667931309749,result
regulatory-variant-20261009-result-gschwind2026-k562-training-epiraction-precision,regulatory-variant-20261009-source-gschwind2026-table-s3,"Supplementary Table 3 'Held-out benchmarks', row 28 (D28:F28); Dataset 'Combined K562 (training)', Predictor 'EPIraction', metric 'Weighted precision at threshold'",0.380825075460621,result
regulatory-variant-20261009-result-gschwind2026-k562-training-epiraction-recall,regulatory-variant-20261009-source-gschwind2026-table-s3,"Supplementary Table 3 'Held-out benchmarks', row 34 (D34:F34); Dataset 'Combined K562 (training)', Predictor 'EPIraction', metric 'Weighted recall at threshold'",0.74910706,result
regulatory-variant-20261009-result-manzo2025-hela-borzoi-pearson,regulatory-variant-20261009-source-manzo2025,"Table 1 row 'Borzoi', column 'Hela (5241 SNPs)'",−0.066,result
regulatory-variant-20261009-result-manzo2025-hela-caduceus-pearson,regulatory-variant-20261009-source-manzo2025,"Table 1 row 'Caduceus', column 'Hela (5241 SNPs)'",0.020,result
regulatory-variant-20261009-result-manzo2025-hela-chrombpnet-pearson,regulatory-variant-20261009-source-manzo2025,"Table 1 row 'ChromBPNet', column 'Hela (5241 SNPs)'",0.289,result
regulatory-variant-20261009-result-manzo2025-hela-dnabert-2-pearson,regulatory-variant-20261009-source-manzo2025,"Table 1 row 'DNABERT-2', column 'Hela (5241 SNPs)'",0.120,result
regulatory-variant-20261009-result-manzo2025-hela-enformer-pearson,regulatory-variant-20261009-source-manzo2025,"Table 1 row 'Enformer', column 'Hela (5241 SNPs)'",0.245,result
regulatory-variant-20261009-result-manzo2025-hela-gena-lm-b-multi-pearson,regulatory-variant-20261009-source-manzo2025,"Table 1 row 'Gena LM b-multi', column 'Hela (5241 SNPs)'",0.026,result
regulatory-variant-20261009-result-manzo2025-hela-gena-lm-base-pearson,regulatory-variant-20261009-source-manzo2025,"Table 1 row 'Gena LM-base', column 'Hela (5241 SNPs)'",0.029,result
regulatory-variant-20261009-result-manzo2025-hela-gena-lm-bigbird-pearson,regulatory-variant-20261009-source-manzo2025,"Table 1 row 'Gena LM bigbird', column 'Hela (5241 SNPs)'",0.045,result
regulatory-variant-20261009-result-manzo2025-hela-gena-lm-large-pearson,regulatory-variant-20261009-source-manzo2025,"Table 1 row 'Gena LM large', column 'Hela (5241 SNPs)'",0.069,result
regulatory-variant-20261009-result-manzo2025-hela-geneformer-pearson,regulatory-variant-20261009-source-manzo2025,"Table 1 row 'Geneformer', column 'Hela (5241 SNPs)'",−0.007,result
regulatory-variant-20261009-result-manzo2025-hela-hyenadna-1-mf-pearson,regulatory-variant-20261009-source-manzo2025,"Table 1 row 'Hyenadna 1 mf', column 'Hela (5241 SNPs)'",0.046,result
regulatory-variant-20261009-result-manzo2025-hela-hyenadna-160-k-pearson,regulatory-variant-20261009-source-manzo2025,"Table 1 row 'Hyenadna 160 k', column 'Hela (5241 SNPs)'",0.046,result
regulatory-variant-20261009-result-manzo2025-hela-hyenadna-32-k-pearson,regulatory-variant-20261009-source-manzo2025,"Table 1 row 'Hyenadna 32 k', column 'Hela (5241 SNPs)'",0.031,result
regulatory-variant-20261009-result-manzo2025-hela-hyenadna-450-k-pearson,regulatory-variant-20261009-source-manzo2025,"Table 1 row 'Hyenadna 450 k', column 'Hela (5241 SNPs)'",0.055,result
regulatory-variant-20261009-result-manzo2025-hela-nt-2-5b-1000g-pearson,regulatory-variant-20261009-source-manzo2025,"Table 1 row 'NT 2.5b-1000g', column 'Hela (5241 SNPs)'",0.087,result
regulatory-variant-20261009-result-manzo2025-hela-nt-2-5b-m-s-pearson,regulatory-variant-20261009-source-manzo2025,"Table 1 row 'NT 2.5b-m-s', column 'Hela (5241 SNPs)'",0.066,result
regulatory-variant-20261009-result-manzo2025-hela-nt-500m-h-ref-pearson,regulatory-variant-20261009-source-manzo2025,"Table 1 row 'NT 500m-h-ref', column 'Hela (5241 SNPs)'",0.067,result
regulatory-variant-20261009-result-manzo2025-hela-nt-500m1000g-pearson,regulatory-variant-20261009-source-manzo2025,"Table 1 row 'NT 500m1000g', column 'Hela (5241 SNPs)'",0.022,result
regulatory-variant-20261009-result-manzo2025-hela-nt-v2-100m-ms-pearson,regulatory-variant-20261009-source-manzo2025,"Table 1 row 'NT v2-100m-ms', column 'Hela (5241 SNPs)'",0.042,result
regulatory-variant-20261009-result-manzo2025-hela-nt-v2-250m-ms-pearson,regulatory-variant-20261009-source-manzo2025,"Table 1 row 'NT v2-250m-ms', column 'Hela (5241 SNPs)'",0.030,result
regulatory-variant-20261009-result-manzo2025-hela-nt-v2-500m-ms-pearson,regulatory-variant-20261009-source-manzo2025,"Table 1 row 'NT v2 500m-ms', column 'Hela (5241 SNPs)'",0.036,result
regulatory-variant-20261009-result-manzo2025-hela-nt-v2-50m-ms-pearson,regulatory-variant-20261009-source-manzo2025,"Table 1 row 'NT v2-50m-ms', column 'Hela (5241 SNPs)'",0.074,result
regulatory-variant-20261009-result-manzo2025-hela-sei-pearson,regulatory-variant-20261009-source-manzo2025,"Table 1 row 'SEI', column 'Hela (5241 SNPs)'",0.280,result
regulatory-variant-20261009-result-manzo2025-hela-trednet-pearson,regulatory-variant-20261009-source-manzo2025,"Table 1 row 'TREDNet', column 'Hela (5241 SNPs)'",0.076,result
regulatory-variant-20261009-result-manzo2025-hepg2-borzoi-pearson,regulatory-variant-20261009-source-manzo2025,"Table 1 row 'Borzoi', column 'HepG2 (16,255 SNPs)'",0.125,result
regulatory-variant-20261009-result-manzo2025-hepg2-caduceus-pearson,regulatory-variant-20261009-source-manzo2025,"Table 1 row 'Caduceus', column 'HepG2 (16,255 SNPs)'",0.108,result
regulatory-variant-20261009-result-manzo2025-hepg2-chrombpnet-pearson,regulatory-variant-20261009-source-manzo2025,"Table 1 row 'ChromBPNet', column 'HepG2 (16,255 SNPs)'",0.295,result
regulatory-variant-20261009-result-manzo2025-hepg2-dnabert-2-pearson,regulatory-variant-20261009-source-manzo2025,"Table 1 row 'DNABERT-2', column 'HepG2 (16,255 SNPs)'",0.096,result
regulatory-variant-20261009-result-manzo2025-hepg2-enformer-pearson,regulatory-variant-20261009-source-manzo2025,"Table 1 row 'Enformer', column 'HepG2 (16,255 SNPs)'",0.141,result
regulatory-variant-20261009-result-manzo2025-hepg2-gena-lm-b-multi-pearson,regulatory-variant-20261009-source-manzo2025,"Table 1 row 'Gena LM b-multi', column 'HepG2 (16,255 SNPs)'",0.062,result
regulatory-variant-20261009-result-manzo2025-hepg2-gena-lm-base-pearson,regulatory-variant-20261009-source-manzo2025,"Table 1 row 'Gena LM-base', column 'HepG2 (16,255 SNPs)'",0.050,result
regulatory-variant-20261009-result-manzo2025-hepg2-gena-lm-bigbird-pearson,regulatory-variant-20261009-source-manzo2025,"Table 1 row 'Gena LM bigbird', column 'HepG2 (16,255 SNPs)'",0.099,result
regulatory-variant-20261009-result-manzo2025-hepg2-gena-lm-large-pearson,regulatory-variant-20261009-source-manzo2025,"Table 1 row 'Gena LM large', column 'HepG2 (16,255 SNPs)'",0.088,result
regulatory-variant-20261009-result-manzo2025-hepg2-geneformer-pearson,regulatory-variant-20261009-source-manzo2025,"Table 1 row 'Geneformer', column 'HepG2 (16,255 SNPs)'",0.027,result
regulatory-variant-20261009-result-manzo2025-hepg2-hyenadna-1-mf-pearson,regulatory-variant-20261009-source-manzo2025,"Table 1 row 'Hyenadna 1 mf', column 'HepG2 (16,255 SNPs)'",0.136,result
regulatory-variant-20261009-result-manzo2025-hepg2-hyenadna-160-k-pearson,regulatory-variant-20261009-source-manzo2025,"Table 1 row 'Hyenadna 160 k', column 'HepG2 (16,255 SNPs)'",0.142,result
regulatory-variant-20261009-result-manzo2025-hepg2-hyenadna-32-k-pearson,regulatory-variant-20261009-source-manzo2025,"Table 1 row 'Hyenadna 32 k', column 'HepG2 (16,255 SNPs)'",0.098,result
regulatory-variant-20261009-result-manzo2025-hepg2-hyenadna-450-k-pearson,regulatory-variant-20261009-source-manzo2025,"Table 1 row 'Hyenadna 450 k', column 'HepG2 (16,255 SNPs)'",0.134,result
regulatory-variant-20261009-result-manzo2025-hepg2-nt-2-5b-1000g-pearson,regulatory-variant-20261009-source-manzo2025,"Table 1 row 'NT 2.5b-1000g', column 'HepG2 (16,255 SNPs)'",0.112,result
regulatory-variant-20261009-result-manzo2025-hepg2-nt-2-5b-m-s-pearson,regulatory-variant-20261009-source-manzo2025,"Table 1 row 'NT 2.5b-m-s', column 'HepG2 (16,255 SNPs)'",0.139,result
regulatory-variant-20261009-result-manzo2025-hepg2-nt-500m-h-ref-pearson,regulatory-variant-20261009-source-manzo2025,"Table 1 row 'NT 500m-h-ref', column 'HepG2 (16,255 SNPs)'",0.119,result
regulatory-variant-20261009-result-manzo2025-hepg2-nt-500m1000g-pearson,regulatory-variant-20261009-source-manzo2025,"Table 1 row 'NT 500m1000g', column 'HepG2 (16,255 SNPs)'",0.116,result
regulatory-variant-20261009-result-manzo2025-hepg2-nt-v2-100m-ms-pearson,regulatory-variant-20261009-source-manzo2025,"Table 1 row 'NT v2-100m-ms', column 'HepG2 (16,255 SNPs)'",0.127,result
regulatory-variant-20261009-result-manzo2025-hepg2-nt-v2-250m-ms-pearson,regulatory-variant-20261009-source-manzo2025,"Table 1 row 'NT v2-250m-ms', column 'HepG2 (16,255 SNPs)'",0.110,result
regulatory-variant-20261009-result-manzo2025-hepg2-nt-v2-500m-ms-pearson,regulatory-variant-20261009-source-manzo2025,"Table 1 row 'NT v2 500m-ms', column 'HepG2 (16,255 SNPs)'",0.114,result
regulatory-variant-20261009-result-manzo2025-hepg2-nt-v2-50m-ms-pearson,regulatory-variant-20261009-source-manzo2025,"Table 1 row 'NT v2-50m-ms', column 'HepG2 (16,255 SNPs)'",0.103,result
regulatory-variant-20261009-result-manzo2025-hepg2-sei-pearson,regulatory-variant-20261009-source-manzo2025,"Table 1 row 'SEI', column 'HepG2 (16,255 SNPs)'",0.298,result
regulatory-variant-20261009-result-manzo2025-hepg2-trednet-pearson,regulatory-variant-20261009-source-manzo2025,"Table 1 row 'TREDNet', column 'HepG2 (16,255 SNPs)'",0.314,result
regulatory-variant-20261009-result-manzo2025-k562-borzoi-pearson,regulatory-variant-20261009-source-manzo2025,"Table 1 row 'Borzoi', column 'K562 (19,321 SNPs)'",0.033,result
regulatory-variant-20261009-result-manzo2025-k562-caduceus-pearson,regulatory-variant-20261009-source-manzo2025,"Table 1 row 'Caduceus', column 'K562 (19,321 SNPs)'",0.133,result
regulatory-variant-20261009-result-manzo2025-k562-chrombpnet-pearson,regulatory-variant-20261009-source-manzo2025,"Table 1 row 'ChromBPNet', column 'K562 (19,321 SNPs)'",0.287,result
regulatory-variant-20261009-result-manzo2025-k562-dnabert-2-pearson,regulatory-variant-20261009-source-manzo2025,"Table 1 row 'DNABERT-2', column 'K562 (19,321 SNPs)'",0.086,result
regulatory-variant-20261009-result-manzo2025-k562-enformer-pearson,regulatory-variant-20261009-source-manzo2025,"Table 1 row 'Enformer', column 'K562 (19,321 SNPs)'",0.059,result
regulatory-variant-20261009-result-manzo2025-k562-gena-lm-b-multi-pearson,regulatory-variant-20261009-source-manzo2025,"Table 1 row 'Gena LM b-multi', column 'K562 (19,321 SNPs)'",0.077,result
regulatory-variant-20261009-result-manzo2025-k562-gena-lm-base-pearson,regulatory-variant-20261009-source-manzo2025,"Table 1 row 'Gena LM-base', column 'K562 (19,321 SNPs)'",0.077,result
regulatory-variant-20261009-result-manzo2025-k562-gena-lm-bigbird-pearson,regulatory-variant-20261009-source-manzo2025,"Table 1 row 'Gena LM bigbird', column 'K562 (19,321 SNPs)'",0.136,result
regulatory-variant-20261009-result-manzo2025-k562-gena-lm-large-pearson,regulatory-variant-20261009-source-manzo2025,"Table 1 row 'Gena LM large', column 'K562 (19,321 SNPs)'",0.117,result
regulatory-variant-20261009-result-manzo2025-k562-geneformer-pearson,regulatory-variant-20261009-source-manzo2025,"Table 1 row 'Geneformer', column 'K562 (19,321 SNPs)'",0.005,result
regulatory-variant-20261009-result-manzo2025-k562-hyenadna-1-mf-pearson,regulatory-variant-20261009-source-manzo2025,"Table 1 row 'Hyenadna 1 mf', column 'K562 (19,321 SNPs)'",0.118,result
regulatory-variant-20261009-result-manzo2025-k562-hyenadna-160-k-pearson,regulatory-variant-20261009-source-manzo2025,"Table 1 row 'Hyenadna 160 k', column 'K562 (19,321 SNPs)'",0.148,result
regulatory-variant-20261009-result-manzo2025-k562-hyenadna-32-k-pearson,regulatory-variant-20261009-source-manzo2025,"Table 1 row 'Hyenadna 32 k', column 'K562 (19,321 SNPs)'",0.084,result
regulatory-variant-20261009-result-manzo2025-k562-hyenadna-450-k-pearson,regulatory-variant-20261009-source-manzo2025,"Table 1 row 'Hyenadna 450 k', column 'K562 (19,321 SNPs)'",0.077,result
regulatory-variant-20261009-result-manzo2025-k562-nt-2-5b-1000g-pearson,regulatory-variant-20261009-source-manzo2025,"Table 1 row 'NT 2.5b-1000g', column 'K562 (19,321 SNPs)'",0.147,result
regulatory-variant-20261009-result-manzo2025-k562-nt-2-5b-m-s-pearson,regulatory-variant-20261009-source-manzo2025,"Table 1 row 'NT 2.5b-m-s', column 'K562 (19,321 SNPs)'",0.153,result
regulatory-variant-20261009-result-manzo2025-k562-nt-500m-h-ref-pearson,regulatory-variant-20261009-source-manzo2025,"Table 1 row 'NT 500m-h-ref', column 'K562 (19,321 SNPs)'",0.149,result
regulatory-variant-20261009-result-manzo2025-k562-nt-500m1000g-pearson,regulatory-variant-20261009-source-manzo2025,"Table 1 row 'NT 500m1000g', column 'K562 (19,321 SNPs)'",0.123,result
regulatory-variant-20261009-result-manzo2025-k562-nt-v2-100m-ms-pearson,regulatory-variant-20261009-source-manzo2025,"Table 1 row 'NT v2-100m-ms', column 'K562 (19,321 SNPs)'",0.152,result
regulatory-variant-20261009-result-manzo2025-k562-nt-v2-250m-ms-pearson,regulatory-variant-20261009-source-manzo2025,"Table 1 row 'NT v2-250m-ms', column 'K562 (19,321 SNPs)'",0.166,result
regulatory-variant-20261009-result-manzo2025-k562-nt-v2-500m-ms-pearson,regulatory-variant-20261009-source-manzo2025,"Table 1 row 'NT v2 500m-ms', column 'K562 (19,321 SNPs)'",0.199,result
regulatory-variant-20261009-result-manzo2025-k562-nt-v2-50m-ms-pearson,regulatory-variant-20261009-source-manzo2025,"Table 1 row 'NT v2-50m-ms', column 'K562 (19,321 SNPs)'",0.147,result
regulatory-variant-20261009-result-manzo2025-k562-sei-pearson,regulatory-variant-20261009-source-manzo2025,"Table 1 row 'SEI', column 'K562 (19,321 SNPs)'",0.297,result
regulatory-variant-20261009-result-manzo2025-k562-trednet-pearson,regulatory-variant-20261009-source-manzo2025,"Table 1 row 'TREDNet', column 'K562 (19,321 SNPs)'",0.315,result
regulatory-variant-20261009-result-manzo2025-npc-borzoi-pearson,regulatory-variant-20261009-source-manzo2025,"Table 1 row 'Borzoi', column 'NPC (14,042 SNPs)'",0.023,result
regulatory-variant-20261009-result-manzo2025-npc-caduceus-pearson,regulatory-variant-20261009-source-manzo2025,"Table 1 row 'Caduceus', column 'NPC (14,042 SNPs)'",0.023,result
regulatory-variant-20261009-result-manzo2025-npc-chrombpnet-pearson,regulatory-variant-20261009-source-manzo2025,"Table 1 row 'ChromBPNet', column 'NPC (14,042 SNPs)'",0.080,result
regulatory-variant-20261009-result-manzo2025-npc-dnabert-2-pearson,regulatory-variant-20261009-source-manzo2025,"Table 1 row 'DNABERT-2', column 'NPC (14,042 SNPs)'",−0.004,result
regulatory-variant-20261009-result-manzo2025-npc-enformer-pearson,regulatory-variant-20261009-source-manzo2025,"Table 1 row 'Enformer', column 'NPC (14,042 SNPs)'",0.008,result
regulatory-variant-20261009-result-manzo2025-npc-gena-lm-b-multi-pearson,regulatory-variant-20261009-source-manzo2025,"Table 1 row 'Gena LM b-multi', column 'NPC (14,042 SNPs)'",0.010,result
regulatory-variant-20261009-result-manzo2025-npc-gena-lm-base-pearson,regulatory-variant-20261009-source-manzo2025,"Table 1 row 'Gena LM-base', column 'NPC (14,042 SNPs)'",0.024,result
regulatory-variant-20261009-result-manzo2025-npc-gena-lm-bigbird-pearson,regulatory-variant-20261009-source-manzo2025,"Table 1 row 'Gena LM bigbird', column 'NPC (14,042 SNPs)'",0.021,result
regulatory-variant-20261009-result-manzo2025-npc-gena-lm-large-pearson,regulatory-variant-20261009-source-manzo2025,"Table 1 row 'Gena LM large', column 'NPC (14,042 SNPs)'",0.030,result
regulatory-variant-20261009-result-manzo2025-npc-geneformer-pearson,regulatory-variant-20261009-source-manzo2025,"Table 1 row 'Geneformer', column 'NPC (14,042 SNPs)'",−0.002,result
regulatory-variant-20261009-result-manzo2025-npc-hyenadna-1-mf-pearson,regulatory-variant-20261009-source-manzo2025,"Table 1 row 'Hyenadna 1 mf', column 'NPC (14,042 SNPs)'",0.001,result
regulatory-variant-20261009-result-manzo2025-npc-hyenadna-160-k-pearson,regulatory-variant-20261009-source-manzo2025,"Table 1 row 'Hyenadna 160 k', column 'NPC (14,042 SNPs)'",−0.007,result
regulatory-variant-20261009-result-manzo2025-npc-hyenadna-32-k-pearson,regulatory-variant-20261009-source-manzo2025,"Table 1 row 'Hyenadna 32 k', column 'NPC (14,042 SNPs)'",0.002,result
regulatory-variant-20261009-result-manzo2025-npc-hyenadna-450-k-pearson,regulatory-variant-20261009-source-manzo2025,"Table 1 row 'Hyenadna 450 k', column 'NPC (14,042 SNPs)'",−0.007,result
regulatory-variant-20261009-result-manzo2025-npc-nt-2-5b-1000g-pearson,regulatory-variant-20261009-source-manzo2025,"Table 1 row 'NT 2.5b-1000g', column 'NPC (14,042 SNPs)'",0.005,result
regulatory-variant-20261009-result-manzo2025-npc-nt-2-5b-m-s-pearson,regulatory-variant-20261009-source-manzo2025,"Table 1 row 'NT 2.5b-m-s', column 'NPC (14,042 SNPs)'",0.027,result
regulatory-variant-20261009-result-manzo2025-npc-nt-500m-h-ref-pearson,regulatory-variant-20261009-source-manzo2025,"Table 1 row 'NT 500m-h-ref', column 'NPC (14,042 SNPs)'",0.013,result
regulatory-variant-20261009-result-manzo2025-npc-nt-500m1000g-pearson,regulatory-variant-20261009-source-manzo2025,"Table 1 row 'NT 500m1000g', column 'NPC (14,042 SNPs)'",0.001,result
regulatory-variant-20261009-result-manzo2025-npc-nt-v2-100m-ms-pearson,regulatory-variant-20261009-source-manzo2025,"Table 1 row 'NT v2-100m-ms', column 'NPC (14,042 SNPs)'",0.016,result
regulatory-variant-20261009-result-manzo2025-npc-nt-v2-250m-ms-pearson,regulatory-variant-20261009-source-manzo2025,"Table 1 row 'NT v2-250m-ms', column 'NPC (14,042 SNPs)'",0.023,result
regulatory-variant-20261009-result-manzo2025-npc-nt-v2-500m-ms-pearson,regulatory-variant-20261009-source-manzo2025,"Table 1 row 'NT v2 500m-ms', column 'NPC (14,042 SNPs)'",0.028,result
regulatory-variant-20261009-result-manzo2025-npc-nt-v2-50m-ms-pearson,regulatory-variant-20261009-source-manzo2025,"Table 1 row 'NT v2-50m-ms', column 'NPC (14,042 SNPs)'",0.020,result
regulatory-variant-20261009-result-manzo2025-npc-sei-pearson,regulatory-variant-20261009-source-manzo2025,"Table 1 row 'SEI', column 'NPC (14,042 SNPs)'",0.073,result
regulatory-variant-20261009-result-manzo2025-npc-trednet-pearson,regulatory-variant-20261009-source-manzo2025,"Table 1 row 'TREDNet', column 'NPC (14,042 SNPs)'",0.075,result
regulatory-variant-20261009-result-tang2025-hepg2-lentimpra-embedding-cnn-gpn-pearson,regulatory-variant-20261009-source-tang2025,"Table 1 row 'LentiMPRA-embedding' / 'CNN-GPN', column 'HepG2'",0.332,result
regulatory-variant-20261009-result-tang2025-hepg2-lentimpra-embedding-cnn-nt-pearson,regulatory-variant-20261009-source-tang2025,"Table 1 row 'LentiMPRA-embedding' / 'CNN-NT', column 'HepG2'",0.185,result
regulatory-variant-20261009-result-tang2025-hepg2-lentimpra-embedding-cnn-sei-pearson,regulatory-variant-20261009-source-tang2025,"Table 1 row 'LentiMPRA-embedding' / 'CNN-SEI', column 'HepG2'",0.579,result
regulatory-variant-20261009-result-tang2025-hepg2-lentimpra-one-hot-cnn-pearson,regulatory-variant-20261009-source-tang2025,"Table 1 row 'LentiMPRA-one-hot' / 'CNN', column 'HepG2'",0.324,result
regulatory-variant-20261009-result-tang2025-hepg2-lentimpra-one-hot-mprann-pearson,regulatory-variant-20261009-source-tang2025,"Table 1 row 'LentiMPRA-one-hot' / 'MPRAnn', column 'HepG2'",0.381,result
regulatory-variant-20261009-result-tang2025-hepg2-lentimpra-one-hot-residualbind-pearson,regulatory-variant-20261009-source-tang2025,"Table 1 row 'LentiMPRA-one-hot' / 'Residualbind', column 'HepG2'",0.485,result
regulatory-variant-20261009-result-tang2025-hepg2-self-supervised-pre-training-gpn-human-pearson,regulatory-variant-20261009-source-tang2025,"Table 1 row 'Self-supervised pre-training' / 'GPN (human)', column 'HepG2'",0.002,result
regulatory-variant-20261009-result-tang2025-hepg2-self-supervised-pre-training-hyenadna-pearson,regulatory-variant-20261009-source-tang2025,"Table 1 row 'Self-supervised pre-training' / 'HyenaDNA', column 'HepG2'",0.064,result
regulatory-variant-20261009-result-tang2025-hepg2-self-supervised-pre-training-nt-2b51000g-pearson,regulatory-variant-20261009-source-tang2025,"Table 1 row 'Self-supervised pre-training' / 'NT (2B51000G)', column 'HepG2'",0.125,result
regulatory-variant-20261009-result-tang2025-hepg2-self-supervised-pre-training-nt-2b5species-pearson,regulatory-variant-20261009-source-tang2025,"Table 1 row 'Self-supervised pre-training' / 'NT (2B5Species)', column 'HepG2'",0.112,result
regulatory-variant-20261009-result-tang2025-hepg2-self-supervised-pre-training-nt-500m1000g-pearson,regulatory-variant-20261009-source-tang2025,"Table 1 row 'Self-supervised pre-training' / 'NT (500M1000G)', column 'HepG2'",0.041,result
regulatory-variant-20261009-result-tang2025-hepg2-self-supervised-pre-training-nt-500mhuman-pearson,regulatory-variant-20261009-source-tang2025,"Table 1 row 'Self-supervised pre-training' / 'NT (500MHuman)', column 'HepG2'",0.020,result
regulatory-variant-20261009-result-tang2025-hepg2-supervised-one-hot-enformer-dnase-pearson,regulatory-variant-20261009-source-tang2025,"Table 1 row 'Supervised one-hot' / 'Enformer (DNase)', column 'HepG2'",0.510,result
regulatory-variant-20261009-result-tang2025-hepg2-supervised-one-hot-sei-pearson,regulatory-variant-20261009-source-tang2025,"Table 1 row 'Supervised one-hot' / 'SEI', column 'HepG2'",0.545,result
regulatory-variant-20261009-result-tang2025-k562-lentimpra-embedding-cnn-gpn-pearson,regulatory-variant-20261009-source-tang2025,"Table 1 row 'LentiMPRA-embedding' / 'CNN-GPN', column 'K562'",0.437,result
regulatory-variant-20261009-result-tang2025-k562-lentimpra-embedding-cnn-nt-pearson,regulatory-variant-20261009-source-tang2025,"Table 1 row 'LentiMPRA-embedding' / 'CNN-NT', column 'K562'",0.198,result
regulatory-variant-20261009-result-tang2025-k562-lentimpra-embedding-cnn-sei-pearson,regulatory-variant-20261009-source-tang2025,"Table 1 row 'LentiMPRA-embedding' / 'CNN-SEI', column 'K562'",0.701,result
regulatory-variant-20261009-result-tang2025-k562-lentimpra-one-hot-cnn-pearson,regulatory-variant-20261009-source-tang2025,"Table 1 row 'LentiMPRA-one-hot' / 'CNN', column 'K562'",0.365,result
regulatory-variant-20261009-result-tang2025-k562-lentimpra-one-hot-mprann-pearson,regulatory-variant-20261009-source-tang2025,"Table 1 row 'LentiMPRA-one-hot' / 'MPRAnn', column 'K562'",0.437,result
regulatory-variant-20261009-result-tang2025-k562-lentimpra-one-hot-residualbind-pearson,regulatory-variant-20261009-source-tang2025,"Table 1 row 'LentiMPRA-one-hot' / 'Residualbind', column 'K562'",0.601,result
regulatory-variant-20261009-result-tang2025-k562-self-supervised-pre-training-gpn-human-pearson,regulatory-variant-20261009-source-tang2025,"Table 1 row 'Self-supervised pre-training' / 'GPN (human)', column 'K562'",0.037,result
regulatory-variant-20261009-result-tang2025-k562-self-supervised-pre-training-hyenadna-pearson,regulatory-variant-20261009-source-tang2025,"Table 1 row 'Self-supervised pre-training' / 'HyenaDNA', column 'K562'",0.021,result
regulatory-variant-20261009-result-tang2025-k562-self-supervised-pre-training-nt-2b51000g-pearson,regulatory-variant-20261009-source-tang2025,"Table 1 row 'Self-supervised pre-training' / 'NT (2B51000G)', column 'K562'",0.007,result
regulatory-variant-20261009-result-tang2025-k562-self-supervised-pre-training-nt-2b5species-pearson,regulatory-variant-20261009-source-tang2025,"Table 1 row 'Self-supervised pre-training' / 'NT (2B5Species)', column 'K562'",0.135,result
regulatory-variant-20261009-result-tang2025-k562-self-supervised-pre-training-nt-500m1000g-pearson,regulatory-variant-20261009-source-tang2025,"Table 1 row 'Self-supervised pre-training' / 'NT (500M1000G)', column 'K562'",0.068,result
regulatory-variant-20261009-result-tang2025-k562-self-supervised-pre-training-nt-500mhuman-pearson,regulatory-variant-20261009-source-tang2025,"Table 1 row 'Self-supervised pre-training' / 'NT (500MHuman)', column 'K562'",0.088,result
regulatory-variant-20261009-result-tang2025-k562-supervised-one-hot-enformer-dnase-pearson,regulatory-variant-20261009-source-tang2025,"Table 1 row 'Supervised one-hot' / 'Enformer (DNase)', column 'K562'",0.685,result
regulatory-variant-20261009-result-tang2025-k562-supervised-one-hot-sei-pearson,regulatory-variant-20261009-source-tang2025,"Table 1 row 'Supervised one-hot' / 'SEI', column 'K562'",0.641,result
